Workbook

Sheet Animals
A1: Animal Shelter Records
A3: ID | B3: Class | C3: Name | D3: Age (years) | E3: Breed / Colour | F3: Adopted? | G3: Status | H3: Sound (make_sound) | I3: Special method
A4: 1 | B4: Dog | C4: Buddy | D4: 3 | E4: Labrador | F4: Yes | G4: =IF(F4="Yes","Adopted","Available") -> Adopted | H4: =C4&IF(B4="Dog"," says: Woof! Woof!"," says: Meow!") -> Buddy says: Woof! Woof! | I4: =IF(B4="Dog",C4&" is fetching the ball!",C4&" is purring.") -> Buddy is fetching the ball!
A5: 2 | B5: Dog | C5: Max | D5: 5 | E5: German Shepherd | F5: No | G5: =IF(F5="Yes","Adopted","Available") -> Available | H5: =C5&IF(B5="Dog"," says: Woof! Woof!"," says: Meow!") -> Max says: Woof! Woof! | I5: =IF(B5="Dog",C5&" is fetching the ball!",C5&" is purring.") -> Max is fetching the ball!
A6: 3 | B6: Dog | C6: Bella | D6: 4 | E6: Golden Retriever | F6: Yes | G6: =IF(F6="Yes","Adopted","Available") -> Adopted | H6: =C6&IF(B6="Dog"," says: Woof! Woof!"," says: Meow!") -> Bella says: Woof! Woof! | I6: =IF(B6="Dog",C6&" is fetching the ball!",C6&" is purring.") -> Bella is fetching the ball!
A7: 4 | B7: Dog | C7: Charlie | D7: 2 | E7: Beagle | F7: No | G7: =IF(F7="Yes","Adopted","Available") -> Available | H7: =C7&IF(B7="Dog"," says: Woof! Woof!"," says: Meow!") -> Charlie says: Woof! Woof! | I7: =IF(B7="Dog",C7&" is fetching the ball!",C7&" is purring.") -> Charlie is fetching the ball!
A8: 5 | B8: Dog | C8: Rocky | D8: 6 | E8: Rottweiler | F8: No | G8: =IF(F8="Yes","Adopted","Available") -> Available | H8: =C8&IF(B8="Dog"," says: Woof! Woof!"," says: Meow!") -> Rocky says: Woof! Woof! | I8: =IF(B8="Dog",C8&" is fetching the ball!",C8&" is purring.") -> Rocky is fetching the ball!
A9: 6 | B9: Dog | C9: Daisy | D9: 1 | E9: Poodle | F9: No | G9: =IF(F9="Yes","Adopted","Available") -> Available | H9: =C9&IF(B9="Dog"," says: Woof! Woof!"," says: Meow!") -> Daisy says: Woof! Woof! | I9: =IF(B9="Dog",C9&" is fetching the ball!",C9&" is purring.") -> Daisy is fetching the ball!
A10: 7 | B10: Dog | C10: Duke | D10: 7 | E10: Boxer | F10: Yes | G10: =IF(F10="Yes","Adopted","Available") -> Adopted | H10: =C10&IF(B10="Dog"," says: Woof! Woof!"," says: Meow!") -> Duke says: Woof! Woof! | I10: =IF(B10="Dog",C10&" is fetching the ball!",C10&" is purring.") -> Duke is fetching the ball!
A11: 8 | B11: Dog | C11: Bruno | D11: 3 | E11: Bulldog | F11: No | G11: =IF(F11="Yes","Adopted","Available") -> Available | H11: =C11&IF(B11="Dog"," says: Woof! Woof!"," says: Meow!") -> Bruno says: Woof! Woof! | I11: =IF(B11="Dog",C11&" is fetching the ball!",C11&" is purring.") -> Bruno is fetching the ball!
A12: 9 | B12: Dog | C12: Lucy | D12: 2 | E12: Husky | F12: No | G12: =IF(F12="Yes","Adopted","Available") -> Available | H12: =C12&IF(B12="Dog"," says: Woof! Woof!"," says: Meow!") -> Lucy says: Woof! Woof! | I12: =IF(B12="Dog",C12&" is fetching the ball!",C12&" is purring.") -> Lucy is fetching the ball!
A13: 10 | B13: Dog | C13: Cooper | D13: 4 | E13: Dachshund | F13: No | G13: =IF(F13="Yes","Adopted","Available") -> Available | H13: =C13&IF(B13="Dog"," says: Woof! Woof!"," says: Meow!") -> Cooper says: Woof! Woof! | I13: =IF(B13="Dog",C13&" is fetching the ball!",C13&" is purring.") -> Cooper is fetching the ball!
A14: 11 | B14: Cat | C14: Luna | D14: 2 | E14: Grey | F14: No | G14: =IF(F14="Yes","Adopted","Available") -> Available | H14: =C14&IF(B14="Dog"," says: Woof! Woof!"," says: Meow!") -> Luna says: Meow! | I14: =IF(B14="Dog",C14&" is fetching the ball!",C14&" is purring.") -> Luna is purring.
A15: 12 | B15: Cat | C15: Milo | D15: 1 | E15: Orange | F15: No | G15: =IF(F15="Yes","Adopted","Available") -> Available | H15: =C15&IF(B15="Dog"," says: Woof! Woof!"," says: Meow!") -> Milo says: Meow! | I15: =IF(B15="Dog",C15&" is fetching the ball!",C15&" is purring.") -> Milo is purring.
... A23: 20 | B23: Cat | C23: Misty | D23: 3 | E23: Cream | F23: No | G23: =IF(F23="Yes","Adopted","Available") -> Available | H23: =C23&IF(B23="Dog"," says: Woof! Woof!"," says: Meow!") -> Misty says: Meow! | I23: =IF(B23="Dog",C23&" is fetching the ball!",C23&" is purring.") -> Misty is purring.
A25: Blue = input data (edit these). Black = formulas. Adopted? accepts Yes/No.

Sheet Summary
A1: Shelter Summary
A3: Measure | B3: Dogs | C3: Cats | D3: Total
A4: Number of animals | B4: =COUNTIF(Animals!$B$4:$B$23,"Dog") -> 10 | C4: =COUNTIF(Animals!$B$4:$B$23,"Cat") -> 10 | D4: =B4+C4 -> 20
A5: Adopted | B5: =COUNTIFS(Animals!$B$4:$B$23,"Dog",Animals!$F$4:$F$23,"Yes") -> 3 | C5: =COUNTIFS(Animals!$B$4:$B$23,"Cat",Animals!$F$4:$F$23,"Yes") -> 3 | D5: =B5+C5 -> 6
A6: Available | B6: =B4-B5 -> 7 | C6: =C4-C5 -> 7 | D6: =B6+C6 -> 14
A7: Average age (years) | B7: =IFERROR(AVERAGEIF(Animals!$B$4:$B$23,"Dog",Animals!$D$4:$D$23),0) -> 3.7 | C7: =IFERROR(AVERAGEIF(Animals!$B$4:$B$23,"Cat",Animals!$D$4:$D$23),0) -> 3.4 | D7: =IFERROR(AVERAGE(Animals!$D$4:$D$23),0) -> 3.55

Sheet Class Design
A1: OOP Class Design
A3: Class | B3: Inherits from | C3: Attributes | D3: Methods | E3: OOP concept shown
A4: Animal | B4: (base class) | C4: name, __age (private), adopted | D4: get_age(), set_age(), adopt(), display_info(), make_sound() | E4: Base class, Encapsulation
A5: Dog | B5: Animal | C5: breed | D5: display_info(), make_sound() [overridden], fetch() | E5: Inheritance, Polymorphism
A6: Cat | B6: Animal | C6: color | D6: display_info(), make_sound() [overridden], purr() | E6: Inheritance, Polymorphism
